{
    "EC-EARTH": {
        "r12i1p1": {
            "mjo_activity": 12.307734374438304,
            "mjo_activity_diff": -2.968651895965298,
            "qbo_east_years": [
                2000,
                2002,
                2003,
                2008
            ],
            "qbo_west_years": [
                2001,
                2006
            ]
        },
        "r2i1p1": {
            "mjo_activity": 11.58262116704626,
            "mjo_activity_diff": 0.3817242886462922,
            "qbo_east_years": [
                1984,
                1985,
                1986,
                1988,
                1989,
                1991,
                1997,
                2000,
                2001,
                2002,
                2009
            ],
            "qbo_west_years": [
                1979,
                1982,
                1983,
                1987,
                1994,
                1999,
                2004,
                2006,
                2008
            ]
        }
    },
    "bcc-csm1-1-m": {
        "r1i1p1": {
            "mjo_activity": 8.17072213645069,
            "mjo_activity_diff": 0.5393903260909824,
            "qbo_east_years": [
                1982,
                1985,
                1987,
                1988,
                1990,
                1993,
                1995,
                1996,
                1999,
                2003
            ],
            "qbo_west_years": [
                1980,
                1992,
                1994,
                1998,
                2002,
                2004,
                2005,
                2007,
                2008,
                2009
            ]
        }
    }
}