{
    "reference": {
        "ERA5": {
            "mjo_activity": 12.133331514238744,
            "mjo_activity_diff": 2.2915052051326117,
            "qbo_east_years": [
                1979,
                1981,
                1984,
                1989,
                1996,
                1998,
                2001,
                2003
            ],
            "qbo_west_years": [
                1980,
                1982,
                1985,
                1987,
                1988,
                1990,
                1995,
                1997,
                1999,
                2002,
                2004
            ]
        }
    }
}