{
    "ERA5": {
        "null": {
            "mjo_activity": 12.06706963598424,
            "mjo_activity_diff": 2.4410218597201365,
            "qbo_east_years": [
                1979,
                1981,
                1984,
                1989,
                1996,
                1998,
                2001,
                2003,
                2005,
                2007
            ],
            "qbo_west_years": [
                1980,
                1982,
                1985,
                1987,
                1988,
                1990,
                1995,
                1997,
                1999,
                2002,
                2004,
                2006,
                2008
            ]
        }
    }
}